-- 0、创建数据库
create database if not exists training;
use training;

-- ----------------------------
-- 1、部门表
-- ----------------------------
drop table if exists sys_dept;
create table sys_dept (
  dept_id           bigint(20)      not null auto_increment    comment '部门id',
  parent_id         bigint(20)      default 0                  comment '父部门id',
  ancestors         varchar(50)     default ''                 comment '祖级列表',
  dept_name         varchar(30)     default ''                 comment '部门名称',
  order_num         int(4)          default 0                  comment '显示顺序',
  leader            varchar(20)     default null               comment '负责人',
  phone             varchar(11)     default null               comment '联系电话',
  email             varchar(50)     default null               comment '邮箱',
  status            char(1)         default '0'                comment '部门状态（0正常 1停用）',
  del_flag          char(1)         default '0'                comment '删除标志（0代表存在 2代表删除）',
  create_by         varchar(64)     default ''                 comment '创建者',
  create_time 	    datetime                                   comment '创建时间',
  update_by         varchar(64)     default ''                 comment '更新者',
  update_time       datetime                                   comment '更新时间',
  primary key (dept_id)
) engine=innodb auto_increment=200 comment = '部门表';

-- ----------------------------
-- 初始化-部门表数据
-- ----------------------------
insert into sys_dept values(100,  0,   '0',          '公司总部',   0, '员工培训', '15888888888', 'ry@qq.com', '0', '0', 'admin', sysdate(), '', null);

-- ----------------------------
-- 2、用户信息表
-- ----------------------------
drop table if exists sys_user;
create table sys_user (
  user_id           bigint(20)      not null auto_increment    comment '用户ID',
  dept_id           bigint(20)      default null               comment '部门ID',
  user_name         varchar(30)     not null                   comment '用户账号',
  nick_name         varchar(30)     not null                   comment '用户昵称',
  user_type         varchar(2)      default '00'               comment '用户类型（00系统用户）',
  email             varchar(50)     default ''                 comment '用户邮箱',
  phonenumber       varchar(11)     default ''                 comment '手机号码',
  sex               char(1)         default '0'                comment '用户性别（0男 1女 2未知）',
  avatar            varchar(100)    default ''                 comment '头像地址',
  password          varchar(100)    default ''                 comment '密码',
  status            char(1)         default '0'                comment '帐号状态（0正常 1停用）',
  del_flag          char(1)         default '0'                comment '删除标志（0代表存在 2代表删除）',
  login_ip          varchar(128)    default ''                 comment '最后登录IP',
  login_date        datetime                                   comment '最后登录时间',
  create_by         varchar(64)     default ''                 comment '创建者',
  create_time       datetime                                   comment '创建时间',
  update_by         varchar(64)     default ''                 comment '更新者',
  update_time       datetime                                   comment '更新时间',
  remark            varchar(500)    default null               comment '备注',
  primary key (user_id)
) engine=innodb auto_increment=100 comment = '用户信息表';

-- ----------------------------
-- 初始化-用户信息表数据
-- ----------------------------
insert into sys_user values(1,  100, 'admin', '管理员', '00', 'ry@163.com', '15888888888', '1', '', '$2a$10$eY0WrcONC2rdygywMAA.N.wVM1ryVPjwlbU.C483kNpbHm1fDWzsy', '0', '0', '127.0.0.1', sysdate(), 'admin', sysdate(), '', null, '管理员');
insert into sys_user values(2,  100, 'ry',    '测试员工', '00', 'ry@qq.com',  '15666666666', '1', '', '$2a$10$eY0WrcONC2rdygywMAA.N.wVM1ryVPjwlbU.C483kNpbHm1fDWzsy', '0', '0', '127.0.0.1', sysdate(), 'admin', sysdate(), '', null, '测试员');


-- ----------------------------
-- 3、岗位信息表
-- ----------------------------
drop table if exists sys_post;
create table sys_post
(
  post_id       bigint(20)      not null auto_increment    comment '岗位ID',
  post_code     varchar(64)     not null                   comment '岗位编码',
  post_name     varchar(50)     not null                   comment '岗位名称',
  post_sort     int(4)          not null                   comment '显示顺序',
  status        char(1)         not null                   comment '状态（0正常 1停用）',
  create_by     varchar(64)     default ''                 comment '创建者',
  create_time   datetime                                   comment '创建时间',
  update_by     varchar(64)     default ''			       comment '更新者',
  update_time   datetime                                   comment '更新时间',
  remark        varchar(500)    default null               comment '备注',
  primary key (post_id)
) engine=innodb comment = '岗位信息表';

-- ----------------------------
-- 初始化-岗位信息表数据
-- ----------------------------
insert into sys_post values(1, 'ceo',  '董事长',    1, '0', 'admin', sysdate(), '', null, '');
insert into sys_post values(2, 'se',   '项目经理',  2, '0', 'admin', sysdate(), '', null, '');
insert into sys_post values(3, 'hr',   '人力资源',  3, '0', 'admin', sysdate(), '', null, '');
insert into sys_post values(4, 'user', '普通员工',  4, '0', 'admin', sysdate(), '', null, '');


-- ----------------------------
-- 4、角色信息表
-- ----------------------------
drop table if exists sys_role;
create table sys_role (
  role_id              bigint(20)      not null auto_increment    comment '角色ID',
  role_name            varchar(30)     not null                   comment '角色名称',
  role_key             varchar(100)    not null                   comment '角色权限字符串',
  role_sort            int(4)          not null                   comment '显示顺序',
  data_scope           char(1)         default '1'                comment '数据范围（1：全部数据权限 2：自定数据权限 3：本部门数据权限 4：本部门及以下数据权限）',
  menu_check_strictly  tinyint(1)      default 1                  comment '菜单树选择项是否关联显示',
  dept_check_strictly  tinyint(1)      default 1                  comment '部门树选择项是否关联显示',
  status               char(1)         not null                   comment '角色状态（0正常 1停用）',
  del_flag             char(1)         default '0'                comment '删除标志（0代表存在 2代表删除）',
  create_by            varchar(64)     default ''                 comment '创建者',
  create_time          datetime                                   comment '创建时间',
  update_by            varchar(64)     default ''                 comment '更新者',
  update_time          datetime                                   comment '更新时间',
  remark               varchar(500)    default null               comment '备注',
  primary key (role_id)
) engine=innodb auto_increment=100 comment = '角色信息表';

-- ----------------------------
-- 初始化-角色信息表数据
-- ----------------------------
insert into sys_role values('1', '超级管理员',  'admin',  1, 1, 1, 1, '0', '0', 'admin', sysdate(), '', null, '超级管理员');
insert into sys_role values('2', '普通角色',    'common', 2, 2, 1, 1, '0', '0', 'admin', sysdate(), '', null, '普通角色');


-- ----------------------------
-- 5、菜单权限表
-- ----------------------------
drop table if exists sys_menu;
create table sys_menu (
  menu_id           bigint(20)      not null auto_increment    comment '菜单ID',
  menu_name         varchar(50)     not null                   comment '菜单名称',
  parent_id         bigint(20)      default 0                  comment '父菜单ID',
  order_num         int(4)          default 0                  comment '显示顺序',
  path              varchar(200)    default ''                 comment '路由地址',
  component         varchar(255)    default null               comment '组件路径',
  query             varchar(255)    default null               comment '路由参数',
  route_name        varchar(50)     default ''                 comment '路由名称',
  is_frame          int(1)          default 1                  comment '是否为外链（0是 1否）',
  is_cache          int(1)          default 0                  comment '是否缓存（0缓存 1不缓存）',
  menu_type         char(1)         default ''                 comment '菜单类型（M目录 C菜单 F按钮）',
  visible           char(1)         default 0                  comment '菜单状态（0显示 1隐藏）',
  status            char(1)         default 0                  comment '菜单状态（0正常 1停用）',
  perms             varchar(100)    default null               comment '权限标识',
  icon              varchar(100)    default '#'                comment '菜单图标',
  create_by         varchar(64)     default ''                 comment '创建者',
  create_time       datetime                                   comment '创建时间',
  update_by         varchar(64)     default ''                 comment '更新者',
  update_time       datetime                                   comment '更新时间',
  remark            varchar(500)    default ''                 comment '备注',
  primary key (menu_id)
) engine=innodb auto_increment=2000 comment = '菜单权限表';

-- ----------------------------
-- 初始化-菜单信息表数据
-- ----------------------------
-- 一级菜单
insert into sys_menu values('1', '系统管理', '0', '1', 'system',           null, '', '', 1, 0, 'M', '0', '0', '', 'system',   'admin', sysdate(), '', null, '系统管理目录');
-- 二级菜单
insert into sys_menu values('100',  '员工管理', '1',   '1', 'user',       'system/user/index',        '', '', 1, 0, 'C', '0', '0', 'system:user:list',        'user',          'admin', sysdate(), '', null, '员工管理菜单');
insert into sys_menu values('101',  '角色管理', '1',   '2', 'role',       'system/role/index',        '', '', 1, 0, 'C', '0', '0', 'system:role:list',        'peoples',       'admin', sysdate(), '', null, '角色管理菜单');
insert into sys_menu values('102',  '菜单管理', '1',   '3', 'menu',       'system/menu/index',        '', '', 1, 0, 'C', '0', '0', 'system:menu:list',        'tree-table',    'admin', sysdate(), '', null, '菜单管理菜单');
insert into sys_menu values('105',  '字典管理', '1',   '6', 'dict',       'system/dict/index',        '', '', 1, 0, 'C', '0', '0', 'system:dict:list',        'dict',          'admin', sysdate(), '', null, '字典管理菜单');
insert into sys_menu values('106',  '参数设置', '1',   '7', 'config',     'system/config/index',      '', '', 1, 0, 'C', '0', '0', 'system:config:list',      'edit',          'admin', sysdate(), '', null, '参数设置菜单');
-- 用户管理按钮
insert into sys_menu values('1000', '用户查询', '100', '1',  '', '', '', '', 1, 0, 'F', '0', '0', 'system:user:query',          '#', 'admin', sysdate(), '', null, '');
insert into sys_menu values('1001', '用户新增', '100', '2',  '', '', '', '', 1, 0, 'F', '0', '0', 'system:user:add',            '#', 'admin', sysdate(), '', null, '');
insert into sys_menu values('1002', '用户修改', '100', '3',  '', '', '', '', 1, 0, 'F', '0', '0', 'system:user:edit',           '#', 'admin', sysdate(), '', null, '');
insert into sys_menu values('1003', '用户删除', '100', '4',  '', '', '', '', 1, 0, 'F', '0', '0', 'system:user:remove',         '#', 'admin', sysdate(), '', null, '');
insert into sys_menu values('1004', '用户导出', '100', '5',  '', '', '', '', 1, 0, 'F', '0', '0', 'system:user:export',         '#', 'admin', sysdate(), '', null, '');
insert into sys_menu values('1005', '用户导入', '100', '6',  '', '', '', '', 1, 0, 'F', '0', '0', 'system:user:import',         '#', 'admin', sysdate(), '', null, '');
insert into sys_menu values('1006', '重置密码', '100', '7',  '', '', '', '', 1, 0, 'F', '0', '0', 'system:user:resetPwd',       '#', 'admin', sysdate(), '', null, '');
-- 角色管理按钮
insert into sys_menu values('1007', '角色查询', '101', '1',  '', '', '', '', 1, 0, 'F', '0', '0', 'system:role:query',          '#', 'admin', sysdate(), '', null, '');
insert into sys_menu values('1008', '角色新增', '101', '2',  '', '', '', '', 1, 0, 'F', '0', '0', 'system:role:add',            '#', 'admin', sysdate(), '', null, '');
insert into sys_menu values('1009', '角色修改', '101', '3',  '', '', '', '', 1, 0, 'F', '0', '0', 'system:role:edit',           '#', 'admin', sysdate(), '', null, '');
insert into sys_menu values('1010', '角色删除', '101', '4',  '', '', '', '', 1, 0, 'F', '0', '0', 'system:role:remove',         '#', 'admin', sysdate(), '', null, '');
insert into sys_menu values('1011', '角色导出', '101', '5',  '', '', '', '', 1, 0, 'F', '0', '0', 'system:role:export',         '#', 'admin', sysdate(), '', null, '');
-- 菜单管理按钮
insert into sys_menu values('1012', '菜单查询', '102', '1',  '', '', '', '', 1, 0, 'F', '0', '0', 'system:menu:query',          '#', 'admin', sysdate(), '', null, '');
insert into sys_menu values('1013', '菜单新增', '102', '2',  '', '', '', '', 1, 0, 'F', '0', '0', 'system:menu:add',            '#', 'admin', sysdate(), '', null, '');
insert into sys_menu values('1014', '菜单修改', '102', '3',  '', '', '', '', 1, 0, 'F', '0', '0', 'system:menu:edit',           '#', 'admin', sysdate(), '', null, '');
insert into sys_menu values('1015', '菜单删除', '102', '4',  '', '', '', '', 1, 0, 'F', '0', '0', 'system:menu:remove',         '#', 'admin', sysdate(), '', null, '');
-- 字典管理按钮
insert into sys_menu values('1025', '字典查询', '105', '1', '#', '', '', '', 1, 0, 'F', '0', '0', 'system:dict:query',          '#', 'admin', sysdate(), '', null, '');
insert into sys_menu values('1026', '字典新增', '105', '2', '#', '', '', '', 1, 0, 'F', '0', '0', 'system:dict:add',            '#', 'admin', sysdate(), '', null, '');
insert into sys_menu values('1027', '字典修改', '105', '3', '#', '', '', '', 1, 0, 'F', '0', '0', 'system:dict:edit',           '#', 'admin', sysdate(), '', null, '');
insert into sys_menu values('1028', '字典删除', '105', '4', '#', '', '', '', 1, 0, 'F', '0', '0', 'system:dict:remove',         '#', 'admin', sysdate(), '', null, '');
insert into sys_menu values('1029', '字典导出', '105', '5', '#', '', '', '', 1, 0, 'F', '0', '0', 'system:dict:export',         '#', 'admin', sysdate(), '', null, '');
-- 参数设置按钮
insert into sys_menu values('1030', '参数查询', '106', '1', '#', '', '', '', 1, 0, 'F', '0', '0', 'system:config:query',        '#', 'admin', sysdate(), '', null, '');
insert into sys_menu values('1031', '参数新增', '106', '2', '#', '', '', '', 1, 0, 'F', '0', '0', 'system:config:add',          '#', 'admin', sysdate(), '', null, '');
insert into sys_menu values('1032', '参数修改', '106', '3', '#', '', '', '', 1, 0, 'F', '0', '0', 'system:config:edit',         '#', 'admin', sysdate(), '', null, '');
insert into sys_menu values('1033', '参数删除', '106', '4', '#', '', '', '', 1, 0, 'F', '0', '0', 'system:config:remove',       '#', 'admin', sysdate(), '', null, '');
insert into sys_menu values('1034', '参数导出', '106', '5', '#', '', '', '', 1, 0, 'F', '0', '0', 'system:config:export',       '#', 'admin', sysdate(), '', null, '');
-- 培训菜单
INSERT INTO sys_menu VALUES (2000, '培训管理',0,2,'traning',NULL,NULL,'',1,0,'M','0','0',NULL,'documentation','admin',sysdate(),'',NULL,'');
INSERT INTO sys_menu VALUES (2001, '课程管理',2000,1,'class','system/class/index',NULL,'',1,0,'C','0','0','','edit','admin',sysdate(),'admin',sysdate(),'');
INSERT INTO sys_menu VALUES (2002, '课程报名',2000,2,'signup','system/signup/index',NULL,'',1,0,'C','0','0','','education','admin',sysdate(),'admin',sysdate(),'');


-- ----------------------------
-- 6、用户和角色关联表  用户N-1角色
-- ----------------------------
drop table if exists sys_user_role;
create table sys_user_role (
  user_id   bigint(20) not null comment '用户ID',
  role_id   bigint(20) not null comment '角色ID',
  primary key(user_id, role_id)
) engine=innodb comment = '用户和角色关联表';

-- ----------------------------
-- 初始化-用户和角色关联表数据
-- ----------------------------
insert into sys_user_role values ('1', '1');
insert into sys_user_role values ('2', '2');


-- ----------------------------
-- 7、角色和菜单关联表  角色1-N菜单
-- ----------------------------
drop table if exists sys_role_menu;
create table sys_role_menu (
  role_id   bigint(20) not null comment '角色ID',
  menu_id   bigint(20) not null comment '菜单ID',
  primary key(role_id, menu_id)
) engine=innodb comment = '角色和菜单关联表';

-- ----------------------------
-- 初始化-角色和菜单关联表数据
-- ----------------------------
insert into sys_role_menu values ('2', '2000');
insert into sys_role_menu values ('2', '2002');

-- ----------------------------
-- 8、角色和部门关联表  角色1-N部门
-- ----------------------------
drop table if exists sys_role_dept;
create table sys_role_dept (
  role_id   bigint(20) not null comment '角色ID',
  dept_id   bigint(20) not null comment '部门ID',
  primary key(role_id, dept_id)
) engine=innodb comment = '角色和部门关联表';

-- ----------------------------
-- 初始化-角色和部门关联表数据
-- ----------------------------
insert into sys_role_dept values ('2', '100');
insert into sys_role_dept values ('2', '101');
insert into sys_role_dept values ('2', '105');


-- ----------------------------
-- 9、用户与岗位关联表  用户1-N岗位
-- ----------------------------
drop table if exists sys_user_post;
create table sys_user_post
(
  user_id   bigint(20) not null comment '用户ID',
  post_id   bigint(20) not null comment '岗位ID',
  primary key (user_id, post_id)
) engine=innodb comment = '用户与岗位关联表';

-- ----------------------------
-- 初始化-用户与岗位关联表数据
-- ----------------------------
insert into sys_user_post values ('1', '1');
insert into sys_user_post values ('2', '2');


-- ----------------------------
-- 10、操作日志记录
-- ----------------------------
drop table if exists sys_oper_log;
create table sys_oper_log (
  oper_id           bigint(20)      not null auto_increment    comment '日志主键',
  title             varchar(50)     default ''                 comment '模块标题',
  business_type     int(2)          default 0                  comment '业务类型（0其它 1新增 2修改 3删除）',
  method            varchar(200)    default ''                 comment '方法名称',
  request_method    varchar(10)     default ''                 comment '请求方式',
  operator_type     int(1)          default 0                  comment '操作类别（0其它 1后台用户 2手机端用户）',
  oper_name         varchar(50)     default ''                 comment '操作人员',
  dept_name         varchar(50)     default ''                 comment '部门名称',
  oper_url          varchar(255)    default ''                 comment '请求URL',
  oper_ip           varchar(128)    default ''                 comment '主机地址',
  oper_location     varchar(255)    default ''                 comment '操作地点',
  oper_param        varchar(2000)   default ''                 comment '请求参数',
  json_result       varchar(2000)   default ''                 comment '返回参数',
  status            int(1)          default 0                  comment '操作状态（0正常 1异常）',
  error_msg         varchar(2000)   default ''                 comment '错误消息',
  oper_time         datetime                                   comment '操作时间',
  cost_time         bigint(20)      default 0                  comment '消耗时间',
  primary key (oper_id),
  key idx_sys_oper_log_bt (business_type),
  key idx_sys_oper_log_s  (status),
  key idx_sys_oper_log_ot (oper_time)
) engine=innodb auto_increment=100 comment = '操作日志记录';


-- ----------------------------
-- 11、字典类型表
-- ----------------------------
drop table if exists sys_dict_type;
create table sys_dict_type
(
  dict_id          bigint(20)      not null auto_increment    comment '字典主键',
  dict_name        varchar(100)    default ''                 comment '字典名称',
  dict_type        varchar(100)    default ''                 comment '字典类型',
  status           char(1)         default '0'                comment '状态（0正常 1停用）',
  create_by        varchar(64)     default ''                 comment '创建者',
  create_time      datetime                                   comment '创建时间',
  update_by        varchar(64)     default ''                 comment '更新者',
  update_time      datetime                                   comment '更新时间',
  remark           varchar(500)    default null               comment '备注',
  primary key (dict_id),
  unique (dict_type)
) engine=innodb auto_increment=100 comment = '字典类型表';

insert into sys_dict_type values(1,  '用户性别', 'sys_user_sex',        '0', 'admin', sysdate(), '', null, '用户性别列表');
insert into sys_dict_type values(2,  '菜单状态', 'sys_show_hide',       '0', 'admin', sysdate(), '', null, '菜单状态列表');
insert into sys_dict_type values(3,  '系统开关', 'sys_normal_disable',  '0', 'admin', sysdate(), '', null, '系统开关列表');
insert into sys_dict_type values(4,  '任务状态', 'sys_job_status',      '0', 'admin', sysdate(), '', null, '任务状态列表');
insert into sys_dict_type values(5,  '任务分组', 'sys_job_group',       '0', 'admin', sysdate(), '', null, '任务分组列表');
insert into sys_dict_type values(6,  '系统是否', 'sys_yes_no',          '0', 'admin', sysdate(), '', null, '系统是否列表');
insert into sys_dict_type values(7,  '通知类型', 'sys_notice_type',     '0', 'admin', sysdate(), '', null, '通知类型列表');
insert into sys_dict_type values(8,  '通知状态', 'sys_notice_status',   '0', 'admin', sysdate(), '', null, '通知状态列表');
insert into sys_dict_type values(9,  '操作类型', 'sys_oper_type',       '0', 'admin', sysdate(), '', null, '操作类型列表');
insert into sys_dict_type values(10, '系统状态', 'sys_common_status',   '0', 'admin', sysdate(), '', null, '登录状态列表');
INSERT INTO sys_dict_type VALUES(11, '培训课程状态','training_class_status','0','admin',sysdate(),'',NULL,'培训课程状态');
INSERT INTO sys_dict_type VALUES(12, '课程报名状态','training_sign_up_status','0','admin',sysdate(),'',NULL,'课程报名状态');
INSERT INTO sys_dict_type VALUES(13, '课程完成状态','training_complete_status','0','admin',sysdate(),'',NULL,'课程完成状态');


-- ----------------------------
-- 12、字典数据表
-- ----------------------------
drop table if exists sys_dict_data;
create table sys_dict_data
(
  dict_code        bigint(20)      not null auto_increment    comment '字典编码',
  dict_sort        int(4)          default 0                  comment '字典排序',
  dict_label       varchar(100)    default ''                 comment '字典标签',
  dict_value       varchar(100)    default ''                 comment '字典键值',
  dict_type        varchar(100)    default ''                 comment '字典类型',
  css_class        varchar(100)    default null               comment '样式属性（其他样式扩展）',
  list_class       varchar(100)    default null               comment '表格回显样式',
  is_default       char(1)         default 'N'                comment '是否默认（Y是 N否）',
  status           char(1)         default '0'                comment '状态（0正常 1停用）',
  create_by        varchar(64)     default ''                 comment '创建者',
  create_time      datetime                                   comment '创建时间',
  update_by        varchar(64)     default ''                 comment '更新者',
  update_time      datetime                                   comment '更新时间',
  remark           varchar(500)    default null               comment '备注',
  primary key (dict_code)
) engine=innodb auto_increment=100 comment = '字典数据表';

insert into sys_dict_data values(1,  1,  '男',       '0',       'sys_user_sex',        '',   '',        'Y', '0', 'admin', sysdate(), '', null, '性别男');
insert into sys_dict_data values(2,  2,  '女',       '1',       'sys_user_sex',        '',   '',        'N', '0', 'admin', sysdate(), '', null, '性别女');
insert into sys_dict_data values(3,  3,  '未知',     '2',       'sys_user_sex',        '',   '',        'N', '0', 'admin', sysdate(), '', null, '性别未知');
insert into sys_dict_data values(4,  1,  '显示',     '0',       'sys_show_hide',       '',   'primary', 'Y', '0', 'admin', sysdate(), '', null, '显示菜单');
insert into sys_dict_data values(5,  2,  '隐藏',     '1',       'sys_show_hide',       '',   'danger',  'N', '0', 'admin', sysdate(), '', null, '隐藏菜单');
insert into sys_dict_data values(6,  1,  '正常',     '0',       'sys_normal_disable',  '',   'primary', 'Y', '0', 'admin', sysdate(), '', null, '正常状态');
insert into sys_dict_data values(7,  2,  '停用',     '1',       'sys_normal_disable',  '',   'danger',  'N', '0', 'admin', sysdate(), '', null, '停用状态');
insert into sys_dict_data values(8,  1,  '正常',     '0',       'sys_job_status',      '',   'primary', 'Y', '0', 'admin', sysdate(), '', null, '正常状态');
insert into sys_dict_data values(9,  2,  '暂停',     '1',       'sys_job_status',      '',   'danger',  'N', '0', 'admin', sysdate(), '', null, '停用状态');
insert into sys_dict_data values(10, 1,  '默认',     'DEFAULT', 'sys_job_group',       '',   '',        'Y', '0', 'admin', sysdate(), '', null, '默认分组');
insert into sys_dict_data values(11, 2,  '系统',     'SYSTEM',  'sys_job_group',       '',   '',        'N', '0', 'admin', sysdate(), '', null, '系统分组');
insert into sys_dict_data values(12, 1,  '是',       'Y',       'sys_yes_no',          '',   'primary', 'Y', '0', 'admin', sysdate(), '', null, '系统默认是');
insert into sys_dict_data values(13, 2,  '否',       'N',       'sys_yes_no',          '',   'danger',  'N', '0', 'admin', sysdate(), '', null, '系统默认否');
insert into sys_dict_data values(14, 1,  '通知',     '1',       'sys_notice_type',     '',   'warning', 'Y', '0', 'admin', sysdate(), '', null, '通知');
insert into sys_dict_data values(15, 2,  '公告',     '2',       'sys_notice_type',     '',   'success', 'N', '0', 'admin', sysdate(), '', null, '公告');
insert into sys_dict_data values(16, 1,  '正常',     '0',       'sys_notice_status',   '',   'primary', 'Y', '0', 'admin', sysdate(), '', null, '正常状态');
insert into sys_dict_data values(17, 2,  '关闭',     '1',       'sys_notice_status',   '',   'danger',  'N', '0', 'admin', sysdate(), '', null, '关闭状态');
insert into sys_dict_data values(18, 99, '其他',     '0',       'sys_oper_type',       '',   'info',    'N', '0', 'admin', sysdate(), '', null, '其他操作');
insert into sys_dict_data values(19, 1,  '新增',     '1',       'sys_oper_type',       '',   'info',    'N', '0', 'admin', sysdate(), '', null, '新增操作');
insert into sys_dict_data values(20, 2,  '修改',     '2',       'sys_oper_type',       '',   'info',    'N', '0', 'admin', sysdate(), '', null, '修改操作');
insert into sys_dict_data values(21, 3,  '删除',     '3',       'sys_oper_type',       '',   'danger',  'N', '0', 'admin', sysdate(), '', null, '删除操作');
insert into sys_dict_data values(22, 4,  '授权',     '4',       'sys_oper_type',       '',   'primary', 'N', '0', 'admin', sysdate(), '', null, '授权操作');
insert into sys_dict_data values(23, 5,  '导出',     '5',       'sys_oper_type',       '',   'warning', 'N', '0', 'admin', sysdate(), '', null, '导出操作');
insert into sys_dict_data values(24, 6,  '导入',     '6',       'sys_oper_type',       '',   'warning', 'N', '0', 'admin', sysdate(), '', null, '导入操作');
insert into sys_dict_data values(25, 7,  '强退',     '7',       'sys_oper_type',       '',   'danger',  'N', '0', 'admin', sysdate(), '', null, '强退操作');
insert into sys_dict_data values(26, 8,  '生成代码', '8',       'sys_oper_type',       '',   'warning', 'N', '0', 'admin', sysdate(), '', null, '生成操作');
insert into sys_dict_data values(27, 9,  '清空数据', '9',       'sys_oper_type',       '',   'danger',  'N', '0', 'admin', sysdate(), '', null, '清空操作');
insert into sys_dict_data values(28, 1,  '成功',     '0',       'sys_common_status',   '',   'primary', 'N', '0', 'admin', sysdate(), '', null, '正常状态');
insert into sys_dict_data values(29, 2,  '失败',     '1',       'sys_common_status',   '',   'danger',  'N', '0', 'admin', sysdate(), '', null, '停用状态');
INSERT INTO sys_dict_data VALUES(30, 0,'未开始','0','training_class_status',NULL,'default','N','0','admin',sysdate(),'',NULL,NULL);
INSERT INTO sys_dict_data VALUES(31, 1,'进行中','1','training_class_status',NULL,'primary','N','0','admin',sysdate(),'admin',NULL,NULL);
INSERT INTO sys_dict_data VALUES(32, 2,'已完成','2','training_class_status',NULL,'success','N','0','admin',sysdate(),'',NULL,NULL);
INSERT INTO sys_dict_data VALUES(33, 3,'已取消','3','training_class_status',NULL,'info','N','0','admin',sysdate(),'',NULL,NULL);
INSERT INTO sys_dict_data VALUES(34, 0,'未报名','0','training_sign_up_status',NULL,'info','N','0','admin',sysdate(),'',NULL,NULL);
INSERT INTO sys_dict_data VALUES(35, 1,'已报名','1','training_sign_up_status',NULL,'primary','N','0','admin',sysdate(),'',NULL,NULL);
INSERT INTO sys_dict_data VALUES(36, 2,'已签到','2','training_sign_up_status',NULL,'success','N','0','admin',sysdate(),'',NULL,NULL);
INSERT INTO sys_dict_data VALUES(37, 0,'未完成','0','training_complete_status',NULL,'info','N','0','admin',sysdate(),'',NULL,NULL);
INSERT INTO sys_dict_data VALUES(38, 1,'已完成','1','training_complete_status',NULL,'success','N','0','admin',sysdate(),'',NULL,NULL);


-- ----------------------------
-- 13、参数配置表
-- ----------------------------
drop table if exists sys_config;
create table sys_config (
  config_id         int(5)          not null auto_increment    comment '参数主键',
  config_name       varchar(100)    default ''                 comment '参数名称',
  config_key        varchar(100)    default ''                 comment '参数键名',
  config_value      varchar(500)    default ''                 comment '参数键值',
  config_type       char(1)         default 'N'                comment '系统内置（Y是 N否）',
  create_by         varchar(64)     default ''                 comment '创建者',
  create_time       datetime                                   comment '创建时间',
  update_by         varchar(64)     default ''                 comment '更新者',
  update_time       datetime                                   comment '更新时间',
  remark            varchar(500)    default null               comment '备注',
  primary key (config_id)
) engine=innodb auto_increment=100 comment = '参数配置表';

insert into sys_config values(1, '主框架页-默认皮肤样式名称',     'sys.index.skinName',            'skin-blue',     'Y', 'admin', sysdate(), '', null, '蓝色 skin-blue、绿色 skin-green、紫色 skin-purple、红色 skin-red、黄色 skin-yellow' );
insert into sys_config values(2, '员工管理-账号初始密码',         'sys.user.initPassword',         '123456',        'Y', 'admin', sysdate(), '', null, '初始化密码 123456' );
insert into sys_config values(3, '主框架页-侧边栏主题',           'sys.index.sideTheme',           'theme-dark',    'Y', 'admin', sysdate(), '', null, '深色主题theme-dark，浅色主题theme-light' );
insert into sys_config values(4, '账号自助-验证码开关',           'sys.account.captchaEnabled',    'true',          'Y', 'admin', sysdate(), '', null, '是否开启验证码功能（true开启，false关闭）');
insert into sys_config values(5, '账号自助-是否开启用户注册功能', 'sys.account.registerUser',      'false',         'Y', 'admin', sysdate(), '', null, '是否开启注册用户功能（true开启，false关闭）');
insert into sys_config values(6, '用户登录-黑名单列表',           'sys.login.blackIPList',         '',              'Y', 'admin', sysdate(), '', null, '设置登录IP黑名单限制，多个匹配项以;分隔，支持匹配（*通配、网段）');


-- ----------------------------
-- 14、系统访问记录
-- ----------------------------
drop table if exists sys_logininfor;
create table sys_logininfor (
  info_id        bigint(20)     not null auto_increment   comment '访问ID',
  user_name      varchar(50)    default ''                comment '用户账号',
  ipaddr         varchar(128)   default ''                comment '登录IP地址',
  login_location varchar(255)   default ''                comment '登录地点',
  browser        varchar(50)    default ''                comment '浏览器类型',
  os             varchar(50)    default ''                comment '操作系统',
  status         char(1)        default '0'               comment '登录状态（0成功 1失败）',
  msg            varchar(255)   default ''                comment '提示消息',
  login_time     datetime                                 comment '访问时间',
  primary key (info_id),
  key idx_sys_logininfor_s  (status),
  key idx_sys_logininfor_lt (login_time)
) engine=innodb auto_increment=100 comment = '系统访问记录';

-- ----------------------------
-- 100、培训课程表
-- ----------------------------
drop table if exists training_class;
create table training_class (
                                class_id bigint(20) not null auto_increment comment '课程id，主键',
                                class_name varchar(100) default null comment '课程名称',
                                class_name_py varchar(100) default null comment '课程名称拼音',
                                class_begin_time datetime default null comment '课程开始时间',
                                location varchar(200) default null comment '上课地点',
                                teacher_name varchar(100) default null comment '老师姓名',
                                content text default null comment '课程内容',
                                status varchar(100) default null comment '课程状态',
                                progress int(3) default 0 comment '进度',
                                max_participant_count int(8) default null comment '最多报名人数',
                                primary key (class_id)
) engine=innodb auto_increment=100 comment = '培训课程表';


-- ----------------------------
-- 101、培训报名表
-- ----------------------------
drop table if exists training_sign_up;
create table training_sign_up(
                                 sign_up_id bigint(20) auto_increment comment '报名id，主键' ,
                                 people_id int(20) not null  comment '人员id' ,
                                 people_name varchar(32)   comment '人员姓名' ,
                                 class_id int(20) not null  comment '报名课程id' ,
                                 status varchar(8) not null  comment '报名状态' ,
                                 complete_status varchar(8) not null  comment '完成状态' ,
                                 sign_up_time datetime   comment '报名时间' ,
                                 cancel_time datetime   comment '报名时间' ,
                                 check_time datetime comment '签到时间',
                                 primary key (sign_up_id)
)  comment = '培训报名表';

